model,roc_auc_mean,precision_mean,recall_mean,f1_mean,roc_auc_std,precision_std,recall_std,f1_std,n_splits,n_groups
LogReg,0.7941246163009879,0.646939488397452,0.38412330464578504,0.48067879875654923,0.059738728621930325,0.10775665669424803,0.05576170234241942,0.06779238005887318,5,133
DummyMostFrequent,0.5,0.0,0.0,0.0,0.0,0.0,0.0,0.0,5,133
